Model,Accuracy,Precision,Recall,Macro_F1
Linear SVM,0.37276580062649717,0.29260169397926894,0.3987018241011992,0.3244306804662504
